Pb0ba1929	Refind	S Balance	Kg
P05aa009e	Mustard Oil	S Balance	Litre
P5c50d680	Butter Delicious	S Balance	Kg
P7d4ab796	Amul Cheese	S Balance	Kg
Pd3e00465	Amul Cream	S Balance	Kg
Pb5b9a8b8	Kalongi	Grocery	Kg
P926aa311	Channa Dal	S Balance	Kg
Pd47a59aa	Maa Dal	S Balance	Kg
Pc962524f	Rajma	S Balance	Kg
Pd9dd47de	Golden Sella Table Rice	S Balance	Kg
Pb32d58ec	White Chana	S Balance	Kg
Pf202055b	Staff Rice	S Balance	Kg
Pa5577121	Muttor Dal/ Mix Dal	S Balance	Kg
Pd537c810	Nutri Soya Chunck	S Balance	Kg
P1f1d65d7	Black Chana	Kitchen Daily Stock	Kg
P27e2cf10	Rongi	Kitchen Daily Stock	Kg
Pd4bcce81	Moti Elachi	S Balance	Kg
P0637bee6	Laung	S Balance	Kg
P5e101ee1	Jayphal	S Balance	Kg
P82013f18	Tejpata	S Balance	Kg
Pa7dd968f	Star Phool	S Balance	Kg
Pdef20e7a	Dal Chini	S Balance	Kg
P95a8d166	Javitri	S Balance	Kg
P748ea9de	Chotti Elach - Powder	S Balance	Kg
Pea1e5e13	White Pepper - Powder	S Balance	Kg
Pdc5caf15	Kitchen King	S Balance	Kg
Pa1a9b1a9	Mdh Deggi Mirch	S Balance	Dozen
P55dd36f3	Mdh Meat Masala	S Balance	Kg
P0fe63a74	Garam Masala	S Balance	Kg
P9beeff29	Chicken Masala	S Balance	Kg
P794c3808	Maggi Masala	Grocery	Kg
P7307304f	Heeng	S Balance	Kg
Pbef6cca0	Green Sauf	S Balance	Kg
Pdea68993	Green Peas	Grocery	Kg
P838256f5	Lal Mirch Sabut	S Balance	Kg
P4f5a2a27	Lal Mirch Powder	S Balance	Kg
P38554f20	Haldi Powder	S Balance	Kg
P1fd191f8	Sabut Kali Mirch	S Balance	Kg
P3f3d02b8	Kali Mirch Powder	S Balance	Kg
Pb7fc8b8c	Dhania Powder	Grocery	Kg
Pa141eea8	Sabut Dhania	S Balance	Kg
P358db347	Sabut Jeera	S Balance	Kg
P6d82ff08	Jeera Powder	S Balance	Kg
Pc0c06eba	Kasoori Methi Suki	S Balance	Kg
Pd9f300f1	Ajwain	S Balance	Kg
P87bab646	Surf	Grocery	Kg
P9058236b	Ajinomoto	S Balance	Kg
Pb3bc726b	Rai	S Balance	Kg
P05df3846	White Til	S Balance	Kg
Pee175fd5	Coconut Powder	S Balance	Kg
Pbf14044d	Saunf	Grocery	Kg
Pe7c343ed	Kala Namak	S Balance	Kg
P10733cef	Tata Namak	S Balance	Kg
P3af906ef	Tea/ Masala	Grocery	Kg
P311b8487	Sugar	S Balance	Kg
Pcaa9e75a	Sweet Corn	S Balance	Kg
P0d446e96	French Fry	S Balance	Kg
Pa6965bf9	Atta	S Balance	Kg
P9fb09d5b	Maida	S Balance	Kg
Pdb6a44e0	Besan	S Balance	Kg
P5a82af07	Bread Crum	S Balance	Kg
Pd30b00a0	Arrowroot Powder	S Balance	Kg
P8f382961	Mdh Chaat Masala	Grocery	Kg
P481eb5be	Chicken Broth Powder	S Balance	Kg
P2cbcb68c	Veg Aromat Powder	S Balance	Kg
P18eeabc8	Gagan Ghee	Kitchen Daily Stock	Kg
Pc7d8ac21	Papad	S Balance	Kg
Pb5b126fe	Magaz	S Balance	Kg
P7fda387d	Kaju 32 Phar	Grocery	Kg
P0e5bb3a2	Kaju 8 Phar	Grocery	Kg
Pb2f4d36a	Kishmish	S Balance	Kg
P08597120	Red Color	S Balance	Kg
Pd5b17195	Yello Color	S Balance	Kg
Pec0fd978	Green Color	S Balance	Kg
Pa6d37c16	Mayonise Sauce	S Balance	Litre
P512ec3e1	Tomato Sauce	S Balance	Litre
P4658d7a7	Tomato Puree	S Balance	Kg
P74b7eecb	Vinger	S Balance	Kg
Pfacd2b6c	Soya Sauce	S Balance	Litre
P84b26c0a	Red Chilli Sauce	Kitchen Daily Stock	Litre
P6e70941f	Green Chill Sauce	S Balance	Litre
P07681fc6	Honey	S Balance	Kg
Pe58c2d9d	Veg Oyster Sauce	S Balance	Litre
Pa5090ce3	Nonveg Oyster Sauce	Kitchen Daily Stock	Litre
P96d00e28	Maggi Seasoning	S Balance	Kg
P56810f41	Mustard Sauce	S Balance	Litre
Pf09a3c82	Barbq Sauce	Kitchen Daily Stock	Litre
Pedd28484	Onion Sauce	Kitchen Daily Stock	Litre
P2e3cf897	Blue Lagoon	S Balance	Kg
P7aba3157	Virgir Mojito	S Balance	Litre
P58b60131	Sriracha Chilli Sauce	Kitchen Daily Stock	Litre
P661961a3	Green Chilli	Grocery	Kg
Pe82c42a4	Rose Water	S Balance	Litre
P970b1704	Keora Water	S Balance	Litre
Pafbbf633	Aamchoor	Kitchen Daily Stock	Kg
P1c8fb3c3	Pickle / Achar	S Balance	Kg
P0bc2428a	Goond Katira	Kitchen Daily Stock	Kg
P292b7994	Desi Ghee	Kitchen Daily Stock	Kg
Pbc1cb4cf	Noodles	S Balance	Packet
Pef16a36c	Wonton	S Balance	Packet
P1e8f8c5f	Soya Champ	S Balance	Kg
P3a72db0a	Peanut	S Balance	Kg
P1b3a7894	Mouth Freshner	Kitchen Daily Stock	Kg
P3bce897b	Coal	S Balance	Kg
Pbe8057a8	Gas	S Balance	Kg
P4434f149	Room Sprey	Kitchen Daily Stock	Kg
P5df3747e	Red Bull	Kitchen Daily Stock	Kg
Pf717e237	Napkin	S Balance	Kg
P5fa8eebb	Tray	S Balance	Piece
Pae7f1294	Check Duster	Kitchen Daily Stock	Kg
P2700510e	Duster Pocha	S Balance	Kg
Pf0ddacda	Silver Foil	S Balance	Litre
P105f5153	Clean Wrap	S Balance	Kg
P032f7bea	Roti Sliver Plate	S Balance	Piece
Pa1186dc2	Rp Plate/ 4cp	S Balance	Piece
Pf0a3b8d0	Plater Round Plates	S Balance	Piece
P4ec990be	Salad Plate	S Balance	Piece
Pc793b374	Glass Wine	S Balance	Piece
Pf446cb77	Soup Glass	S Balance	Piece
P18b9756d	Spoon	S Balance	Piece
P784ff87a	Fork	S Balance	Piece
P1a124abc	Tooth Pick	S Balance	Kg
P27686392	Chatni Bag	S Balance	Kg
P25d0e48f	Chatni Kotari	S Balance	Kg
P5be0998d	Carry Bag Big 16x20	S Balance	Kg
P4a030aaf	Carry Bag Small 13x16	S Balance	Kg
Pa8203246	Sliver Container Raita	S Balance	Kg
P8f8f27f1	Silver Container Dal	S Balance	Kg
P66d1f48a	Silver Container Tikka	S Balance	Kg
P47313252	Kathi Packing Bag	Kitchen Daily Stock	Kg
P7c2a93b1	Butter Paper Kathi Roll	Kitchen Daily Stock	Packet
Pefd9cced	Straw Pipe	S Balance	Kg
P233f63c6	Sterer	S Balance	Kg
P2a7e8c87	Silver Bag Packing	S Balance	Kg
P74c7f7ca	Wiper	S Balance	Kg
P2e6cc9e5	Liquid Soap	S Balance	Kg
P4f105379	Wiping Sheet	S Balance	Kg
P6998e25d	Steel Wool	S Balance	Kg
P81a90187	Scotch Brite	Grocery	Kg
Pf6dee076	Phool Jharu	Kitchen Daily Stock	Kg
Pfdafdbdf	Phenol / Phenyl	S Balance	Kg
P741a4e4d	Lisapol	Kitchen Daily Stock	Kg
P7a18dd7d	Colin	Kitchen Daily Stock	Kg
P464887d2	Cap	Kitchen Daily Stock	Kg
Pc4b63f8e	Noodl Mop	Kitchen Daily Stock	Kg
P70220bf2	Surf Washing Powder	Kitchen Daily Stock	Kg
P56ade184	Rat Mat	S Balance	Kg
Pdc472a89	Onion	Grocery	Kg
Pb17a80c2	Small Onion	Grocery	Kg
Pd75a0940	Potato-a	Grocery	Kg
P8a2c0fd6	Potato-b	Grocery	Kg
P03dc2e77	Tomato-a	Grocery	Kg
P2727a8b0	Tomato-b	Grocery	Kg
Pfb794c2b	Peas/muttor	Grocery	Kg
Pa9ce3cb2	Cucumber	Vegetable	Kg
P01d48ef2	Muli	Vegetable	Kg
P053cfb03	Spinach	Grocery	Kg
Pf8444ec1	Bandh Gobhi	Vegetable	Kg
P62ee6923	Phool Gobhi	Vegetable	Kg
Paa9901a2	Lemon	Grocery	Kg
P0dd6140d	Shimla Mirch	Vegetable	Kg
Pdaa115e6	Mushroom	Grocery	Kg
P4fe0d4fa	Garlic	Grocery	Kg
P704bc5b9	Ginger	Grocery	Kg
P2fd548e0	Beetroot	Grocery	Kg
Pa12600ed	French Been	Grocery	Kg
P299e2b8d	Pudinaaa	Vegetable	Kg
P2a5487fb	G-chilli	Grocery	Kg
Pbc98f68f	Green -onion	Grocery	Kg
P6a2e0288	Staff-veg	Grocery	Kg
P189dd732	R-capsicum	Grocery	Kg
Pe8fa838b	Y-capsicum	Grocery	Kg
Pe5bf9912	Broccoli	Grocery	Kg
Pdf4b63c7	Baby Corn	Grocery	Kg
P2e6def94	Gourd	Grocery	Kg
P584b3378	B- Gourd	Grocery	Kg
Pb82a3f5e	Tran	Grocery	Kg
P9b0d24c0	Lady Finger	Grocery	Kg
P84978aaa	Letus	Grocery	Kg
Pab7a954a	Tori	Grocery	Kg
P5eff7a08	Gulgul	Grocery	Kg
P50c6be1c	Pumpkin	Grocery	Kg
Pceb36be7	Arbi	Grocery	Kg
P49aed7f4	Tinde	Grocery	Kg
P5889ad97	Sweet Potato	Grocery	Kg
P21bfafca	Methi	Grocery	Kg
P24c606f1	Home	Grocery	Kg
Pe9bb3480	Total	Disposable	Kg
P5509214e	Paneer	Grocery	Kg
P8879ac36	Dhahi	Grocery	Kg
P35965580	Milk	Grocery	Litre
P717a44f0	Home Milk	Grocery	Litre
Pc10995cf	Boneless/thai	Grocery	Kg
Paa4a7846	Supply	Grocery	Kg
Pb6b84f66	Egg	Grocery	Dozen
Pf4fd5d6a	Chest	Grocery	Kg
Pf8ac42a6	Mutton	Grocery	Kg
P353e2489	Fish	Grocery	Kg
P92f608e1	Tangri	Grocery	Kg
P3520ab77	Popcorn	Grocery	Kg
Pfca8b4a8	R A T E L I S T	Grocery	Kg
P981d8d4b	Sauf	S Balance	Kg
P01f91bf4	Room Spray	Disposable	Kg
P6d0b3d3a	Flovour Soda	Disposable	Litre
Pf286b223	Diet Coke	Disposable	Litre
P03d93527	Butter Paper	Disposable	Packet
Pdd82f469	Sliver Container Raita 250ml	Disposable	250ml
P66c8723e	Silver Container Dal 450ml	Disposable	450ml
Pe347b5da	Silver Container Tikka 660ml	Disposable	660ml
P9e997b48	Silver Container Biryani	S Balance	Kg
Pf7a85a49	Jharu	S Balance	Kg
P3020616f	Muf Duster	Disposable	Kg
Pc06dac4a	Hit Sprey	Disposable	Kg
P9cd674ce	Castic Soda	Disposable	Litre
P5c49afc5	Mojito	Disposable	Litre
P5f9db64c	Chocolate	Disposable	Kg
P36bc966f	Clonji	Kitchen Daily Stock	Kg
P69306717	Chat Masala	S Balance	Kg
P0b4d8b87	Cardamom Powder	Kitchen Daily Stock	Kg
P7765ccab	Dhani Powder	S Balance	Kg
Paeef3c54	Fennel Powder	Kitchen Daily Stock	Kg
P25f005fd	Oregaino	Kitchen Daily Stock	20g
Pd3fd55ce	Tea	S Balance	Kg
Pf42bf5c1	Baking Powder	S Balance	Kg
P9371d3b1	Kaju	S Balance	400g
P199bc9e0	Chana Powder	Kitchen Daily Stock	Kg
P97f00dda	Per Peri Masala	Kitchen Daily Stock	Kg
Pa6ba05a7	Chilli Flex	Kitchen Daily Stock	Kg
P4541c7ea	Flavour Soda	Kitchen Daily Stock	Litre
P8c123766	Bazooka	Crockery	Kg
P12a4c11f	Pitcher	Crockery	Kg
P0d54a2d8	Beer Mug	Crockery	Piece
P29f68125	Beer Mug Store	Crockery	Piece
P98d3eb03	High Wall Glass	Crockery	Piece
Pb95a2acd	High Wall Glass Store Stock	Crockery	Piece
Pee3cf469	Whisky Glass	Crockery	Piece
P2395bd38	Wine Glass	Crockery	Piece
P792dd61c	Short Glass	Crockery	Piece
Pb3fc242a	Coke Glass	Crockery	Litre
Pa4ffa8a6	Dinner Plate	Crockery	Piece
P1834aa64	Quarter Plate	Crockery	Piece
P8c26326d	Curry Bowl	Crockery	Piece
P045e077e	Black Dinner Plate	Crockery	Piece
P8f766835	Black Quarter Plate	Crockery	Piece
P33b617ea	Black Bowl	Crockery	Piece
Pdd5c6fe4	Soup Plate	Crockery	Piece
P1d1f9b56	Soup Bowl	Crockery	Piece
Pad2624cd	Finger Bowl Plate	Crockery	Piece
Pcd13daa2	Finger Bowl	Crockery	Piece
P21597e75	Cup Plate	Crockery	Piece
P5910b93d	Tea Cup	Crockery	Kg
P3ce5a438	Sauce Bowl	Crockery	Litre
P5c1ebf2e	Curry Spoon	Crockery	Piece
P173de0ef	Service Spoon	Crockery	Piece
Pb930e430	Service Fork	Crockery	Piece
P8c008371	Ap Spoon	Crockery	Piece
P9828bda4	Ap Fork	Crockery	Piece
Pbbbb3d65	Soup Spoon	Crockery	Piece
P9595a65e	Tea Spoon	Crockery	Piece
Pf0cd6689	Sauce Spoon	Crockery	Litre
P32f6b05e	Butter Knife	Crockery	Piece
Pa750a805	Tong	Crockery	Kg
P16cca6ef	Service Tray	Crockery	Piece
P82ae08f1	Round Tray	Crockery	Piece
P24a450e0	Tissu Holder	Crockery	Kg
P161b9a5a	Straw Holder	Crockery	Kg
Pbc0f2243	Bill Folder	Crockery	Piece
P411cbdb0	Menu Card	Crockery	Kg
P4db0fe45	Toothpic Stand	Crockery	Kg
Pc0c30d55	Astrate	Crockery	Kg
P339d4f6b	Ice Bucket	Crockery	Kg
P325a376d	Roti Basket	Crockery	Kg
Pe0ed6e2c	Apron	Crockery	Piece
P63333940	Amul Slice	S Balance	Kg
Pe83ed0f3	Kala Chana	S Balance	Kg
Pef2a6c6c	Chilli Sauce	S Balance	Litre
P2e9b242e	Non Veg Oyster Sauce	S Balance	Litre
Pbeefcee3	Lemoneez	S Balance	Kg
P3a1d764b	Duster	S Balance	Kg
